insert into skill (id,name) values (1, 'JAVA');
insert into skill (id,name) values (2, 'C');
insert into skill (id,name) values (3, 'C++');
insert into skill (id,name) values (4, 'PYTHON');
insert into skill (id,name) values (5, 'C#');
insert into skill (id,name) values (6, 'R');
insert into skill (id,name) values (7, 'FORTRAN');
insert into skill (id,name) values (8, 'MATLAB');
insert into skill (id,name) values (9, 'WORD');
insert into skill (id,name) values (10, 'EXCEL');
insert into skill (id,name) values (11, 'PPT');
insert into skill (id,name) values (12, 'Objective-C');
insert into skill (id,name) values (13, 'PASCAL');
insert into skill (id,name) values (14, 'XML');
insert into skill (id,name) values (15, 'DARK');
insert into skill (id,name) values (16, 'NODE');
insert into skill (id,name) values (17, 'ANGULAR');
insert into skill (id,name) values (18, 'ANGULAR2');
insert into skill (id,name) values (19, 'SPRING BOOT');
insert into skill (id,name) values (20, 'DOCKER');

insert into member (id,forename, surname) values (1,'EDDARD','STARK');
insert into member (id,forename, surname) values (2,'SANSA','STARK');
insert into member (id,forename, surname) values (3,'ARYA','STARK');
insert into member (id,forename, surname) values (4,'BENJEN','STARK');
insert into member (id,forename, surname) values (5,'BRAN','STARK');
insert into member (id,forename, surname) values (6,'CATELYN','STARK');
insert into member (id,forename, surname) values (7,'RICKON','STARK');
insert into member (id,forename, surname) values (8,'ROBB','STARK');
insert into member (id,forename, surname) values (9,'JON','STARK');
insert into member (id,forename, surname) values (10,'TEST','STARK');

insert into member_skills (id,member_id, skill_id, skill_level) values (1,1,1,1);
insert into member_skills (id,member_id, skill_id, skill_level) values (2,1,2,2);
insert into member_skills (id,member_id, skill_id, skill_level) values (3,1,3,3);
insert into member_skills (id,member_id, skill_id, skill_level) values (4,1,4,1);
insert into member_skills (id,member_id, skill_id, skill_level) values (5,1,5,3);
insert into member_skills (id,member_id, skill_id, skill_level) values (6,1,6,1);
insert into member_skills (id,member_id, skill_id, skill_level) values (7,1,7,1);
insert into member_skills (id,member_id, skill_id, skill_level) values (8,2,9,1);
insert into member_skills (id,member_id, skill_id, skill_level) values (9,2,10,1);
insert into member_skills (id,member_id, skill_id, skill_level) values (10,3,1,4);
insert into member_skills (id,member_id, skill_id, skill_level) values (11,3,14,1);
insert into member_skills (id,member_id, skill_id, skill_level) values (12,4,1,1);
insert into member_skills (id,member_id, skill_id, skill_level) values (13,4,18,3);
insert into member_skills (id,member_id, skill_id, skill_level) values (14,4,20,4);
insert into member_skills (id,member_id, skill_id, skill_level) values (15,4,14,2);